{"namedChunkGroups":{"polyfill":{"name":"polyfill","assets":[{"name":"webpack-runtime-e3462b1ffa01e2b878da.js","size":4885},{"name":"polyfill-d77a352a8216807043c8.js","size":82631}],"filteredAssets":0,"assetsSize":87516,"filteredAuxiliaryAssets":2,"auxiliaryAssetsSize":221033},"app":{"name":"app","assets":[{"name":"webpack-runtime-e3462b1ffa01e2b878da.js","size":4885},{"name":"framework-4b1909fe5b3f9d2f0533.js","size":128959},{"name":"app-242cc1506e3b0ce1e6dc.js","size":67728}],"filteredAssets":0,"assetsSize":201572,"filteredAuxiliaryAssets":3,"auxiliaryAssetsSize":648990},"component---src-pages-404-js":{"name":"component---src-pages-404-js","assets":[{"name":"component---src-pages-404-js-1eff94b3816d36dbf7f3.js","size":315}],"filteredAssets":0,"assetsSize":315,"filteredAuxiliaryAssets":1,"auxiliaryAssetsSize":482},"component---src-pages-index-jsx":{"name":"component---src-pages-index-jsx","assets":[{"name":"styles.84fc90279653dd02ca81.css","size":478},{"name":"component---src-pages-index-jsx-94b93cc85f8d59a715f3.js","size":111622}],"filteredAssets":0,"assetsSize":112100,"filteredAuxiliaryAssets":1,"auxiliaryAssetsSize":298700}},"assetsByChunkName":{"polyfill":["webpack-runtime-e3462b1ffa01e2b878da.js","polyfill-d77a352a8216807043c8.js"],"app":["webpack-runtime-e3462b1ffa01e2b878da.js","framework-4b1909fe5b3f9d2f0533.js","app-242cc1506e3b0ce1e6dc.js"],"component---src-pages-404-js":["component---src-pages-404-js-1eff94b3816d36dbf7f3.js"],"component---src-pages-index-jsx":["styles.84fc90279653dd02ca81.css","component---src-pages-index-jsx-94b93cc85f8d59a715f3.js"]},"childAssetsByChunkName":{}}